{
     "defaults":
     {
         "colours":
         {
             "normal_bg":"#45494e",
             "hovered_bg":"#35393e",
             "disabled_bg":"#25292e",
             "selected_bg":"#193754",
             "dark_bg":"#15191e",
             "normal_text":"#c5cbd8",
             "hovered_text":"#FFFFFF",
             "selected_text":"#FFFFFF",
             "disabled_text":"#6d736f",
             "link_text": "#0000EE",
             "link_hover": "#2020FF",
             "link_selected": "#551A8B",
             "text_shadow": "#777777",
             "normal_border": "#DDDDDD",
             "hovered_border": "#B0B0B0",
             "disabled_border": "#808080",
             "selected_border": "#8080B0",
             "active_border": "#8080B0",
             "filled_bar":"#f4251b",
             "unfilled_bar":"#CCCCCC"
         }
     },

     "button":
     {
         "colours":
         {
             "normal_bg":"#45494e",
             "hovered_bg":"#35393e",
             "disabled_bg":"#25292e",
             "selected_bg":"#193754",
             "active_bg":"#193754",
             "dark_bg":"#15191e",
             "normal_text":"#c5cbd8",
             "hovered_text":"#FFFFFF",
             "selected_text":"#FFFFFF",
             "disabled_text":"#6d736f",
             "active_text":"#FFFFFF",
             "normal_border": "#DDDDDD",
             "hovered_border": "#B0B0B0",
             "disabled_border": "#808080",
             "selected_border": "#8080B0",
             "active_border": "#8080B0"
         },

         "misc":
         {
             "tool_tip_delay": "1.5",
             "shape": "rounded_rectangle"
         }
     },

    "horizontal_slider":
     {
         "colours":
         {
             "normal_bg": "#25292e",
             "hovered_bg": "#35393e",
             "disabled_bg": "#25292e",
             "selected_bg": "#25292e",
             "active_bg": "#193784",
             "dark_bg": "#15191e,#202020,0",
             "normal_text": "#c5cbd8",
             "hovered_text": "#FFFFFF",
             "selected_text": "#FFFFFF",
             "disabled_text": "#6d736f"
         },
         "misc":
         {
            "shape": "rounded_rectangle",
            "enable_arrow_buttons": "1",
            "sliding_button_width": "15"
         }
     },
     "horizontal_slider.button":
     {
         "misc":
         {
            "border_width": "1",
             "shape": "rounded_rectangle"
         }
     },
     "horizontal_slider.#sliding_button":
     {
         "colours":
         {
            "normal_bg": "#FF0044"
         }
     }
 }