{
  "position": "11_10",
  "level": [
    {
      "type": "Platform",
      "name": "platform1",
      "is_physics": true,
      "pos": [0, 0],
      "size": [70, 459]
    },
    {
      "type": "Platform",
      "name": "platform2",
      "is_physics": true,
      "pos": [1850, 0],
      "size": [70, 618]
    },
    {
      "type": "Platform",
      "name": "platform3",
      "is_physics": true,
      "pos": [0, 0],
      "size": [1920, 70]
    },
    {
      "type": "Platform",
      "name": "floor1",
      "is_physics": true,
      "pos": [0, 880],
      "size": [1035, 200]
    },
    {
      "type": "Platform",
      "name": "floor2",
      "is_physics": true,
      "pos": [1103, 880],
      "size": [819, 200]
    },
    {
      "type": "Platform",
      "name": "pit floor",
      "is_physics": true,
      "pos": [1034, 930],
      "size": [70, 150]
    },
    {
      "type": "Platform",
      "name": "platform5",
      "is_physics": true,
      "pos": [0, 590],
      "size": [580, 290]
    },
    {
      "type": "Platform",
      "name": "platform6",
      "is_physics": true,
      "pos": [1574, 750],
      "size": [346, 360]
    },
    {
      "type": "PushablePhysicsObject",
      "name": "box",
      "is_physics": true,
      "pos": [1000, 830],
      "size": [40, 50],
      "animation": "assets/snail/shell",
      "animation_pos": [-5, 0]
    },
    {
      "type": "PushablePhysicsObject",
      "name": "box2",
      "is_physics": true,
      "pos": [850, 830],
      "size": [40, 50],
      "animation": "assets/snail/shell",
      "animation_pos": [-5, 0]
    },
    {
      "type": ["engine","Sprite"],
      "name": "portal_east",
      "is_physics": false,
      "image": "portal",
      "pos": [1870, 618]
    },
    {
      "type": "LevelTrigger",
      "name": "portal_trigger_east",
      "is_physics": false,
      "pos": [1915, 618],
      "level_name": "12_10",
      "spawn_side": "west"
    },
    {
      "type": ["engine","Sprite"],
      "name": "portal_west",
      "is_physics": false,
      "image": "portal_flipped",
      "pos": [0, 458]
    },
    {
      "type": "LevelTrigger",
      "name": "portal_trigger_west",
      "is_physics": false,
      "pos": [0, 458],
      "level_name": "10_10",
      "spawn_side": "east"
    }
  ],
  "spawn_positions": {
    "default": [300, 880],
    "west": [40, 590],
    "east": [1850, 750]
  }
}