{
  "position": "13_10",
  "level": [
    {
      "type": "Platform",
      "name": "platform1",
      "is_physics": true,
      "pos": [0, 0],
      "size": [70, 458]
    },
    {
      "type": "Platform",
      "name": "platform2",
      "is_physics": true,
      "pos": [1850, 0],
      "size": [70, 458]
    },
    {
      "type": "Platform",
      "name": "platform3",
      "is_physics": true,
      "pos": [0, 0],
      "size": [1920, 70]
    },
    {
      "type": "Platform",
      "name": "platform4",
      "is_physics": true,
      "pos": [0, 880],
      "size": [1920, 200]
    },
    {
      "type": "Platform",
      "name": "platform5",
      "is_physics": true,
      "pos": [0, 590],
      "size": [580, 290]
    },
    {
      "type": "Platform",
      "name": "platform6",
      "is_physics": true,
      "pos": [1574, 590],
      "size": [346, 290]
    },
    {
      "type": "BouncePad",
      "name": "bounce_pad",
      "is_physics": false,
      "pos": [580, 830]
    },
    {
      "type": "BouncePuff",
      "name": "bounce_puff_1",
      "is_physics": false,
      "pos": [775, 590],
      "stalk_pos": [775, 880]
    },
    {
      "type": "BouncePuff",
      "name": "bounce_puff_2",
      "is_physics": false,
      "pos": [975, 590],
      "stalk_pos": [975, 880]
    },
    {
      "type": "BouncePuff",
      "name": "bounce_puff_3",
      "is_physics": false,
      "pos": [1175, 590],
      "stalk_pos": [1175, 880]
    },
    {
      "type": "BouncePuff",
      "name": "bounce_puff_4",
      "is_physics": false,
      "pos": [1375, 590],
      "stalk_pos": [1375, 880]
    },
    {
      "type": ["engine","Sprite"],
      "name": "portal_west",
      "is_physics": false,
      "image": "portal_flipped",
      "pos": [0, 458]
    },
    {
      "type": "LevelTrigger",
      "name": "portal_trigger_west",
      "is_physics": false,
      "pos": [0, 458],
      "level_name": "12_10",
      "spawn_side": "east"
    },
    {
      "type": ["engine","Sprite"],
      "name": "portal_east",
      "is_physics": false,
      "image": "portal",
      "pos": [1870, 458]
    },
    {
      "type": "LevelTrigger",
      "name": "portal_trigger_east",
      "is_physics": false,
      "pos": [1915, 458],
      "level_name": "14_10",
      "spawn_side": "west"
    }
  ],
  "level_late": [
    {
      "type": "Water",
      "name": "water",
      "is_physics": false,
      "anchors": [
        [580, 680],
        [1574, 680],
        [1574, 881],
        [580, 881]
      ]
    }
  ],
  "spawn_positions": {
    "default": [500, 500],
    "east": [1815, 590],
    "west": [40, 590]
  }
}