{
  "position": "14_10",
  "level": [
    {
      "type": "Platform",
      "name": "border1",
      "is_physics": true,
      "pos": [0, 0],
      "size": [70, 748]
    },
    {
      "type": "Platform",
      "name": "border2",
      "is_physics": true,
      "pos": [1850, 0],
      "size": [70, 1080]
    },
    {
      "type": "Platform",
      "name": "border3",
      "is_physics": true,
      "pos": [0, 0],
      "size": [1920, 70]
    },
    {
      "type": "Platform",
      "name": "floor1",
      "is_physics": true,
      "pos": [0, 880],
      "size": [1920, 200]
    },
    {
      "type": "BouncePad",
      "name": "bounce_pad1",
      "is_physics": false,
      "pos": [935, 830]
    },
    {
      "type": "BouncePad",
      "name": "bounce_pad2",
      "is_physics": false,
      "pos": [870, 830]
    },
    {
      "type": "BouncePad",
      "name": "bounce_pad3",
      "is_physics": false,
      "pos": [1000, 830]
    },
    {
      "type": ["engine","Sprite"],
      "name": "the_end",
      "is_physics": false,
      "image": "the_end",
      "pos": [0, 0]
    },
    {
      "type": ["engine","Sprite"],
      "name": "portal_west",
      "is_physics": false,
      "image": "portal_flipped",
      "pos": [0, 748]
    },
    {
      "type": "LevelTrigger",
      "name": "portal_trigger_west",
      "is_physics": false,
      "pos": [0, 748],
      "level_name": "13_10",
      "spawn_side": "east"
    }
  ],
  "spawn_positions": {
    "default": [300, 880],
    "west": [40, 880]
  }
}